,word,start,end,category
0,black,0.439,1.439,video
1,holes,1.439,1.77,video
2,are,1.77,2.159,video
3,the,2.159,2.37,video
4,largest,2.37,2.7,video
5,collections,2.7,3.35,video
6,of,3.36,3.629,video
7,pure,3.629,3.99,video
8,violent,3.99,4.65,video
9,energy,4.65,4.859,video
10,in,4.859,5.25,video
11,the,5.25,5.49,video
12,universe,5.49,5.749,video
13,if,5.759,6.69,video
14,you,6.69,6.899,video
15,come,6.899,7.14,video
16,too,7.14,7.319,video
17,close,7.319,7.47,video
18,they'll,7.47,8.01,video
19,devalue,8.01,8.629,video
20,and,8.639,8.79,video
21,add,8.79,9.15,video
22,your,9.15,9.57,video
23,energy,9.57,9.96,video
24,to,9.96,10.11,video
25,their,10.11,10.29,video
26,collection,10.29,10.759,video
27,and,10.769,11.07,video
28,so,11.07,11.79,video
29,the,11.79,12.179,video
30,energy,12.179,12.54,video
31,is,12.54,12.719,video
32,lost,12.719,13.019,video
33,to,13.019,13.259,video
34,us,13.259,13.41,video
35,forever,13.41,13.64,video
36,or,13.65,14.549,video
37,is,14.549,14.82,video
38,it,14.82,15.0,video
39,it,15.0,15.9,video
40,turns,15.9,16.199,video
41,out,16.199,16.379,video
42,there's,16.379,16.83,video
43,a,16.83,16.92,video
44,universe,16.92,17.33,video
45,cheat,17.34,17.699,video
46,code,17.699,17.94,video
47,a,17.94,18.18,video
48,way,18.18,18.99,video
49,of,18.99,19.23,video
50,powering,19.23,19.72,video
51,civilizations,19.73,20.73,video
52,until,20.73,21.119,video
53,the,21.119,21.24,video
54,very,21.24,21.48,video
55,death,21.48,21.779,video
56,of,21.779,21.98,video
57,everything,21.99,22.529,video
58,or,22.529,22.92,video
59,of,22.92,23.279,video
60,constructing,23.279,24.0,video
61,the,24.0,24.14,video
62,largest,24.15,24.689,video
63,bomb,24.689,24.99,video
64,in,24.99,25.35,video
65,the,25.35,25.56,video
66,universe,25.56,26.01,video
67,but,26.01,26.91,video
68,how,26.91,27.22,video
69,didn't,27.23,28.23,video
70,we,28.23,28.349,video
71,learn,28.349,28.529,video
72,that,28.529,28.74,video
73,all,28.74,28.949,video
74,energy,28.949,29.22,video
75,is,29.22,29.509,video
76,trapped,29.519,29.88,video
77,forever,29.88,30.179,video
78,in,30.179,30.539,video
79,black,30.539,30.779,video
80,holes,30.779,31.019,video
81,even,31.019,31.73,video
82,light,31.74,32.0,video
83,this,32.0,33.0,video
84,is,33.0,33.18,video
85,true,33.18,33.39,video
86,everything,33.39,34.35,video
87,you,34.35,34.71,video
88,think,34.71,34.94,video
89,you,34.95,35.07,video
90,know,35.07,35.34,video
91,about,35.34,35.52,video
92,the,35.52,35.82,video
93,wettest,35.82,36.149,video
94,thing,36.149,36.39,video
95,in,36.39,36.54,video
96,the,36.54,36.62,video
97,universe,36.63,36.87,video
98,is,36.87,37.23,video
99,about,37.23,37.59,video
100,to,37.59,37.739,video
101,get,37.739,37.86,video
102,weirder,37.86,38.399,video
103,for,38.399,38.82,video
104,one,38.82,38.99,video
105,simple,39.0,39.329,video
106,reason,39.329,39.889,video
107,black,39.899,40.59,video
108,holes,40.59,40.92,video
109,are,40.92,41.37,video
110,spinning,41.37,51.86,video
111,why,51.86,52.86,video
112,black,52.86,53.24,video
113,hole's,53.25,53.55,video
114,spin,53.55,56.59,video
115,when,56.6,57.6,video
116,ready,57.6,57.96,video
117,ready,57.96,58.44,video
118,massive,58.44,58.98,video
119,stars,58.98,59.28,video
120,die,59.28,59.61,video
121,their,59.61,60.11,video
122,cores,60.12,60.45,video
123,collapse,60.45,60.87,video
124,under,60.87,61.38,video
125,their,61.38,61.5,video
126,own,61.5,61.56,video
127,gravity,61.56,61.7,video
128,into,61.71,62.37,video
129,black,62.37,62.67,video
130,holes,62.67,62.84,video
131,this,62.84,63.84,video
132,means,63.84,64.14,video
133,something,64.14,64.82,video
134,very,64.83,64.86,video
135,big,64.86,65.34,video
136,becomes,65.34,65.94,video
137,very,65.94,66.33,video
138,very,66.33,66.84,video
139,tiny,66.84,67.23,video
140,like,67.23,68.01,video
141,the,68.01,68.3,video
142,tiniest,68.31,68.76,video
143,anything,68.76,69.24,video
144,can,69.24,69.42,video
145,be,69.42,69.57,video
146,in,69.57,69.72,video
147,this,69.72,69.9,video
148,universe,69.9,70.37,video
149,but,70.38,71.37,video
150,stars,71.37,71.76,video
151,are,71.76,72.09,video
152,rotating,72.09,72.72,video
153,and,72.72,72.84,video
154,a,72.84,73.17,video
155,fundamental,73.17,73.88,video
156,property,73.89,74.19,video
157,of,74.19,74.43,video
158,our,74.43,74.58,video
159,universe,74.58,75.03,video
160,is,75.03,75.24,video
161,that,75.24,75.57,video
162,things,75.57,75.86,video
163,that,75.87,76.02,video
164,are,76.02,76.23,video
165,spinning,76.23,76.62,video
166,don't,76.62,77.31,video
167,want,77.31,77.55,video
168,to,77.55,77.7,video
169,stop,77.7,77.96,video
170,spinning,77.97,78.27,video
171,we,78.27,79.17,video
172,call,79.17,79.38,video
173,this,79.38,79.56,video
174,angular,79.56,80.04,video
175,momentum,80.04,80.3,video
176,and,80.31,80.88,video
177,this,80.88,81.78,video
178,angular,81.78,82.29,video
179,momentum,82.29,82.89,video
180,can't,82.89,83.22,video
181,go,83.22,83.46,video
182,away,83.46,83.72,video
183,a,83.73,84.0,video
184,big,84.0,84.93,video
185,thing,84.93,85.29,video
186,that,85.29,85.53,video
187,spins,85.53,85.83,video
188,and,85.83,86.31,video
189,becomes,86.31,86.66,video
190,smaller,86.67,87.119,video
191,spins,87.119,87.9,video
192,faster,87.9,88.619,video
193,so,88.619,89.61,video
194,as,89.61,89.85,video
195,the,89.85,90.39,video
196,core,90.39,90.63,video
197,of,90.63,90.81,video
198,a,90.81,90.89,video
199,star,90.9,90.93,video
200,collapses,90.93,91.71,video
201,its,91.71,91.979,video
202,momentum,91.979,92.729,video
203,makes,92.729,93.0,video
204,it,93.0,93.17,video
205,spin,93.18,93.42,video
206,faster,93.42,93.479,video
207,and,93.479,94.229,video
208,faster,94.229,94.5,video
209,and,94.5,94.95,video
210,faster,94.95,95.01,video
211,until,95.01,95.75,video
212,it,95.76,96.21,video
213,collapses,96.21,96.81,video
214,into,96.81,97.05,video
215,a,97.05,97.229,video
216,black,97.229,97.53,video
217,hole,97.53,97.56,video
218,and,97.56,98.22,video
219,the,98.22,98.78,video
220,black,98.79,98.94,video
221,hole,98.94,99.18,video
222,keeps,99.18,99.54,video
223,on,99.54,99.78,video
224,spinning,99.78,100.05,video
225,in,100.05,100.609,video
226,conceivably,100.619,101.58,video
227,fast,101.58,102.17,video
228,some,102.17,103.17,video
229,of,103.17,103.2,video
230,them,103.2,103.5,video
231,spend,103.5,103.88,video
232,millions,103.89,104.16,video
233,of,104.16,104.46,video
234,times,104.46,104.729,video
235,a,104.729,104.97,video
236,second,104.97,106.16,video
237,Y,106.16,107.16,video
238,spinning,107.16,107.75,video
239,black,107.76,107.97,video
240,holes,107.97,108.27,video
241,are,108.27,108.63,video
242,special,108.63,109.67,video
243,just,109.67,110.67,video
244,like,110.67,110.76,video
245,non,110.76,111.26,video
246,spinning,111.27,111.72,video
247,black,111.72,111.93,video
248,holes,111.93,112.2,video
249,spinning,112.2,112.92,video
250,black,112.92,113.12,video
251,holes,113.13,113.4,video
252,have,113.4,113.7,video
253,an,113.7,113.79,video
254,event,113.79,114.09,video
255,horizon,114.09,114.21,video
256,and,114.21,114.78,video
257,a,114.78,114.92,video
258,singularity,114.93,115.53,video
259,at,115.53,115.95,video
260,their,115.95,116.19,video
261,core,116.19,116.49,video
262,where,116.49,116.91,video
263,all,116.91,117.119,video
264,of,117.119,117.26,video
265,their,117.27,117.42,video
266,mass,117.42,117.66,video
267,is,117.66,117.869,video
268,concentrated,117.869,118.7,video
269,the,118.7,119.69,video
270,singularity,119.7,120.36,video
271,is,120.36,120.54,video
272,usually,120.54,121.14,video
273,described,121.14,121.56,video
274,as,121.56,121.77,video
275,a,121.77,121.82,video
276,single,121.83,122.46,video
277,infinitely,122.46,123.18,video
278,small,123.18,123.48,video
279,point,123.48,123.51,video
280,with,123.51,124.05,video
281,no,124.05,124.07,video
282,surface,124.08,124.68,video
283,area,124.68,124.98,video
284,but,124.98,125.91,video
285,points,125.91,126.45,video
286,can't,126.45,126.78,video
287,rotate,126.78,127.05,video
288,so,127.05,127.79,video
289,a,127.8,127.83,video
290,rotating,127.83,128.67,video
291,singularity,128.67,129.39,video
292,can't,129.39,129.869,video
293,be,129.869,130.019,video
294,a,130.019,130.05,video
295,point,130.05,130.63,video
296,instead,130.64,131.64,video
297,it's,131.64,132.209,video
298,a,132.209,132.51,video
299,regularity,132.51,133.11,video
300,a,133.11,133.88,video
301,regularity,133.88,134.87,video
302,is,134.88,135.269,video
303,a,135.269,135.33,video
304,ring,135.33,135.69,video
305,with,135.69,135.93,video
306,a,135.93,135.959,video
307,thickness,135.959,136.2,video
308,of,136.2,136.5,video
309,zero,136.5,136.83,video
310,and,136.83,137.09,video
311,no,137.1,137.64,video
312,surface,137.64,138.12,video
313,spinning,138.12,138.72,video
314,extremely,138.72,139.47,video
315,fast,139.47,139.729,video
316,containing,139.739,140.67,video
317,all,140.67,140.88,video
318,the,140.88,141.12,video
319,mass,141.12,141.33,video
320,of,141.33,141.63,video
321,the,141.63,141.75,video
322,black,141.75,141.89,video
323,hole,141.9,142.16,video
324,the,142.16,143.16,video
325,black,143.16,143.37,video
326,hole,143.37,143.64,video
327,is,143.64,143.85,video
328,spinning,143.85,144.12,video
329,so,144.12,144.3,video
330,fast,144.3,144.89,video
331,that,144.9,145.38,video
332,it,145.38,145.53,video
333,morphs,145.53,145.98,video
334,space,145.98,146.459,video
335,and,146.459,146.73,video
336,time,146.73,146.97,video
337,itself,146.97,147.18,video
338,it,147.18,147.92,video
339,literally,147.93,148.56,video
340,dragged,148.56,148.95,video
341,space,148.95,149.4,video
342,with,149.4,149.73,video
343,it,149.73,149.88,video
344,such,149.88,150.36,video
345,as,150.36,150.53,video
346,its,150.54,150.69,video
347,power,150.69,151.01,video
348,this,151.01,152.01,video
349,creates,152.01,152.489,video
350,a,152.489,152.73,video
351,new,152.73,153.09,video
352,and,153.09,153.36,video
353,super,153.36,154.07,video
354,weird,154.08,154.38,video
355,region,154.38,154.86,video
356,of,154.86,154.98,video
357,space-time,154.98,155.36,video
358,the,155.36,156.36,video
359,ergo,156.36,156.8,video
360,sphere,156.81,157.14,video
361,which,157.14,157.68,video
362,envelops,157.68,158.37,video
363,for,158.37,158.58,video
364,black,158.58,158.76,video
365,hole,158.76,159.0,video
366,if,159.0,159.34,video
367,space,159.35,160.35,video
368,and,160.35,160.62,video
369,time,160.62,160.83,video
370,are,160.83,161.07,video
371,completely,161.07,161.7,video
372,broken,161.7,161.84,video
373,inside,161.85,162.69,video
374,the,162.69,162.93,video
375,event,162.93,163.17,video
376,horizon,163.17,163.35,video
377,then,163.35,164.16,video
378,they're,164.16,164.42,video
379,only,164.43,164.64,video
380,half,164.64,165.15,video
381,broken,165.15,165.48,video
382,inside,165.48,166.049,video
383,the,166.049,166.23,video
384,ergosphere,166.23,167.199,video
385,inside,167.209,168.209,video
386,the,168.209,168.33,video
387,ergosphere,168.33,168.63,video
388,nothing,168.63,169.47,video
389,makes,169.47,169.67,video
390,sense,169.68,170.01,video
391,it's,170.01,170.88,video
392,possible,170.88,171.48,video
393,to,171.48,171.6,video
394,enter,171.6,171.84,video
395,it,171.84,171.959,video
396,and,171.959,172.08,video
397,then,172.08,172.52,video
398,leave,172.53,172.799,video
399,it,172.799,172.83,video
400,again,172.83,173.16,video
401,but,173.16,173.76,video
402,it's,173.76,173.91,video
403,probably,173.91,174.12,video
404,not,174.12,174.33,video
405,a,174.33,174.47,video
406,great,174.48,174.63,video
407,experience,174.63,175.97,video
408,you,175.98,176.97,video
409,can,176.97,177.09,video
410,imagine,177.09,177.3,video
411,it,177.3,177.569,video
412,like,177.569,177.75,video
413,this,177.75,178.04,video
414,falling,178.04,179.03,video
415,into,179.04,179.31,video
416,a,179.31,179.37,video
417,static,179.37,179.849,video
418,black,179.849,180.06,video
419,hole,180.06,180.33,video
420,is,180.33,180.629,video
421,like,180.629,180.959,video
422,sliding,180.959,181.4,video
423,down,181.41,181.68,video
424,a,181.68,181.709,video
425,hole,181.709,182.3,video
426,being,182.31,183.15,video
427,inside,183.15,183.51,video
428,the,183.51,183.72,video
429,ergosphere,183.72,184.17,video
430,of,184.17,184.65,video
431,a,184.65,184.729,video
432,spinning,184.739,185.16,video
433,black,185.16,185.34,video
434,hole,185.34,185.4,video
435,is,185.4,185.94,video
436,like,185.94,186.209,video
437,spiraling,186.209,186.92,video
438,down,186.93,187.17,video
439,a,187.17,187.2,video
440,deadly,187.2,187.62,video
441,drain,187.62,188.18,video
442,the,188.18,189.18,video
443,black,189.18,189.39,video
444,hole,189.39,189.68,video
445,transfers,189.69,190.349,video
446,its,190.349,190.62,video
447,own,190.62,190.86,video
448,kinetic,190.86,191.37,video
449,energy,191.37,191.67,video
450,in,191.67,191.849,video
451,the,191.849,191.9,video
452,form,191.91,192.3,video
453,of,192.3,192.42,video
454,rotation,192.42,193.14,video
455,to,193.14,193.59,video
456,everything,193.59,194.13,video
457,that,194.13,194.33,video
458,enters,194.34,194.55,video
459,the,194.55,194.91,video
460,ergosphere,194.91,195.41,video
461,the,195.41,196.41,video
462,regularity,196.41,196.91,video
463,makes,196.92,197.489,video
464,you,197.489,197.76,video
465,dance,197.76,198.03,video
466,whether,198.03,198.569,video
467,you,198.569,198.72,video
468,want,198.72,198.93,video
469,to,198.93,199.08,video
470,or,199.08,199.22,video
471,you,199.68,200.34,video
472,need,200.34,200.519,video
473,to,200.519,200.67,video
474,move,200.67,200.849,video
475,faster,200.849,201.36,video
476,than,201.36,201.51,video
477,the,201.51,201.599,video
478,speed,201.599,201.71,video
479,of,201.72,201.84,video
480,light,201.84,202.08,video
481,just,202.08,202.47,video
482,to,202.47,202.59,video
483,standstill,202.59,202.98,video
484,here,202.98,203.37,video
485,which,203.37,203.75,video
486,is,203.76,203.91,video
487,it,203.91,204.03,video
488,possible,204.03,204.53,video
489,but,204.53,205.53,video
490,here's,205.53,205.83,video
491,our,205.83,206.099,video
492,cheat,206.099,206.459,video
493,code,206.459,206.75,video
494,we,206.76,207.39,video
495,can,207.39,207.569,video
496,steal,207.569,207.989,video
497,this,207.989,208.38,video
498,energy,208.38,208.799,video
499,and,208.799,209.25,video
500,there's,209.25,210.0,video
501,a,210.0,210.05,video
502,lot,210.06,210.33,video
503,of,210.33,210.48,video
504,energy,210.48,210.78,video
505,to,210.78,210.93,video
506,steal,210.93,212.09,video
507,how,212.09,213.09,video
508,to,213.09,213.15,video
509,steal,213.15,213.589,video
510,energy,213.599,213.87,video
511,from,213.87,214.319,video
512,a,214.319,214.38,video
513,monster,214.38,215.69,video
514,tape,215.69,216.69,video
515,the,216.69,216.89,video
516,supermassive,216.9,217.44,video
517,black,217.44,217.89,video
518,hole,217.89,218.13,video
519,at,218.13,218.34,video
520,the,218.34,218.43,video
521,center,218.43,219.03,video
522,of,219.03,219.05,video
523,the,219.06,219.269,video
524,Milky,219.269,219.599,video
525,Way,219.599,219.75,video
526,we,219.75,220.62,video
527,could,220.62,220.829,video
528,steal,220.829,221.099,video
529,as,221.099,221.28,video
530,much,221.28,221.539,video
531,energy,221.549,221.849,video
532,from,221.849,222.299,video
533,it,222.299,222.42,video
534,as,222.42,222.69,video
535,every,222.69,223.23,video
536,single,223.23,223.5,video
537,star,223.5,223.92,video
538,in,223.92,224.15,video
539,the,224.16,224.28,video
540,Milky,224.28,224.459,video
541,Way,224.459,224.76,video
542,emits,224.76,225.12,video
543,in,225.12,225.299,video
544,a,225.299,225.45,video
545,billion,225.45,225.75,video
546,years,225.75,226.1,video
547,combined,226.11,226.73,video
548,the,226.73,227.73,video
549,easiest,227.73,228.15,video
550,way,228.15,228.42,video
551,to,228.42,228.45,video
552,steal,228.45,228.87,video
553,this,228.87,229.039,video
554,energy,229.049,229.5,video
555,is,229.5,229.709,video
556,oddly,229.709,230.19,video
557,enough,230.19,230.519,video
558,to,230.519,231.18,video
559,drop,231.18,231.42,video
560,something,231.42,231.77,video
561,into,231.78,232.2,video
562,the,232.2,232.41,video
563,black,232.41,232.59,video
564,hole,232.59,233.0,video
565,we've,233.0,234.0,video
566,seen,234.0,234.299,video
567,that,234.299,234.45,video
568,the,234.45,234.559,video
569,regularity,234.569,235.049,video
570,forces,235.049,235.829,video
571,energy,235.829,236.25,video
572,on,236.25,236.4,video
573,us,236.4,236.549,video
574,when,236.549,236.79,video
575,we,236.79,236.809,video
576,enter,236.819,236.91,video
577,the,236.91,237.329,video
578,ergosphere,237.329,237.949,video
579,which,237.959,238.41,video
580,is,238.41,238.56,video
581,a,238.56,238.59,video
582,lot,238.59,238.799,video
583,like,238.799,239.01,video
584,being,239.01,239.04,video
585,in,239.04,239.489,video
586,a,239.489,239.549,video
587,whirlpool,239.549,239.809,video
588,with,239.819,240.45,video
589,space-time,240.45,241.079,video
590,rushing,241.079,241.65,video
591,around,241.65,241.98,video
592,and,241.98,242.15,video
593,around,242.16,242.25,video
594,if,242.25,242.819,video
595,you're,242.819,243.63,video
596,clever,243.63,243.959,video
597,you,243.959,244.41,video
598,can,244.41,244.44,video
599,use,244.44,244.799,video
600,the,244.799,245.0,video
601,water,245.01,245.22,video
602,to,245.22,245.4,video
603,your,245.4,245.7,video
604,advantage,245.7,246.06,video
605,and,246.06,246.42,video
606,swim,246.42,247.049,video
607,faster,247.049,247.759,video
608,than,247.769,247.799,video
609,before,247.799,249.22,video
610,in,249.23,249.349,video
611,practice,249.349,250.28,video
612,this,250.28,250.7,video
613,means,250.7,250.97,video
614,sending,250.97,251.66,video
615,a,251.66,251.72,video
616,rocket,251.72,251.89,video
617,into,251.9,252.349,video
618,the,252.349,252.44,video
619,other,252.44,252.59,video
620,sphere,252.59,252.98,video
621,and,252.98,253.19,video
622,making,253.19,253.7,video
623,a,253.7,253.79,video
624,trade,253.79,254.08,video
625,with,254.09,254.3,video
626,the,254.3,254.33,video
627,black,254.33,254.569,video
628,hole,254.569,254.81,video
629,we,254.81,255.8,video
630,give,255.8,256.01,video
631,it,256.01,256.13,video
632,some,256.13,256.4,video
633,mass,256.4,256.69,video
634,energy,256.7,257.209,video
635,and,257.209,257.389,video
636,it,257.389,257.84,video
637,gives,257.84,258.2,video
638,us,258.2,258.38,video
639,some,258.38,258.59,video
640,of,258.59,258.709,video
641,its,258.709,258.849,video
642,rotational,258.859,259.519,video
643,energy,259.519,259.91,video
644,but,259.91,260.69,video
645,it's,260.69,260.81,video
646,not,260.81,260.989,video
647,a,260.989,261.019,video
648,fair,261.019,261.34,video
649,trade,261.35,261.68,video
650,we,261.68,262.31,video
651,get,262.31,262.73,video
652,the,262.73,262.88,video
653,better,262.88,263.03,video
654,deal,263.03,264.01,video
655,normally,264.01,265.01,video
656,if,265.01,265.24,video
657,you,265.25,265.55,video
658,fire,265.55,265.79,video
659,a,265.79,265.82,video
660,rocket,265.82,266.27,video
661,you,266.27,266.84,video
662,exchange,266.84,267.35,video
663,chemical,267.35,268.03,video
664,energy,268.04,268.19,video
665,for,268.19,268.91,video
666,kinetic,268.91,269.51,video
667,energy,269.51,270.22,video
668,this,270.22,271.22,video
669,is,271.22,271.43,video
670,like,271.43,271.629,video
671,pushing,271.639,271.88,video
672,yourself,271.88,272.479,video
673,forward,272.479,272.54,video
674,in,272.54,273.02,video
675,a,273.02,273.139,video
676,swimming,273.139,273.4,video
677,pool,273.41,273.68,video
678,but,273.68,274.12,video
679,if,274.12,275.12,video
680,you,275.12,275.27,video
681,fire,275.27,275.57,video
682,a,275.57,275.6,video
683,rocket,275.6,275.87,video
684,inside,275.87,276.35,video
685,the,276.35,276.52,video
686,ergosphere,276.53,276.889,video
687,it's,276.889,277.49,video
688,like,277.49,277.79,video
689,pushing,277.79,278.21,video
690,yourself,278.21,278.59,video
691,forward,278.6,278.69,video
692,in,278.69,279.05,video
693,a,279.05,279.139,video
694,wave,279.139,279.38,video
695,form,279.38,279.71,video
696,the,279.71,280.669,video
697,rotational,280.669,281.26,video
698,energy,281.27,281.45,video
699,of,281.45,281.72,video
700,the,281.72,281.93,video
701,waves,281.93,282.139,video
702,gives,282.139,282.59,video
703,you,282.59,282.74,video
704,a,282.74,282.77,video
705,much,282.77,283.18,video
706,stronger,283.19,283.669,video
707,boost,283.669,284.03,video
708,than,284.03,284.36,video
709,you,284.36,284.51,video
710,could,284.51,284.66,video
711,get,284.66,284.84,video
712,just,284.84,285.19,video
713,by,285.2,285.38,video
714,pushing,285.38,285.62,video
715,yourself,285.62,286.6,video
716,the,286.6,287.6,video
717,boost,287.6,287.84,video
718,from,287.84,288.11,video
719,the,288.11,288.25,video
720,rotation,288.26,288.77,video
721,of,288.77,288.83,video
722,the,288.83,288.95,video
723,back,288.95,289.07,video
724,hole,289.07,289.34,video
725,is,289.34,289.55,video
726,so,289.55,290.09,video
727,big,290.09,290.419,video
728,that,290.419,290.95,video
729,you,290.96,290.99,video
730,leave,290.99,291.35,video
731,the,291.35,291.59,video
732,ergosphere,291.59,291.95,video
733,with,291.95,292.49,video
734,much,292.49,292.76,video
735,more,292.76,292.99,video
736,energy,293.0,293.18,video
737,than,293.18,293.66,video
738,you,293.66,293.72,video
739,entered,293.72,294.11,video
740,it,294.11,294.31,video
741,the,294.31,295.31,video
742,black,295.31,295.51,video
743,hole,295.52,295.82,video
744,gives,295.82,296.15,video
745,a,296.15,296.27,video
746,tiny,296.27,296.51,video
747,amount,296.51,296.78,video
748,of,296.78,297.02,video
749,its,297.02,297.129,video
750,rotational,297.139,297.74,video
751,energy,297.74,298.07,video
752,to,298.07,298.25,video
753,you,298.25,298.43,video
754,and,298.43,298.669,video
755,slows,298.669,299.12,video
756,down,299.12,299.409,video
757,a,299.419,299.45,video
758,little,299.45,300.37,video
759,obviously,300.37,301.37,video
760,this,301.37,301.61,video
761,requires,301.61,301.85,video
762,a,301.85,302.24,video
763,lot,302.24,302.44,video
764,of,302.45,302.51,video
765,food,302.51,303.01,video
766,fortunately,303.01,304.01,video
767,black,304.01,304.43,video
768,holes,304.43,304.729,video
769,aren't,304.729,305.08,video
770,picky,305.09,305.51,video
771,eaters,305.51,305.9,video
772,an,305.9,306.55,video
773,advanced,306.55,307.55,video
774,future,307.55,307.81,video
775,civilization,307.82,308.72,video
776,would,308.72,309.05,video
777,probably,309.05,309.53,video
778,harvest,309.53,309.94,video
779,asteroids,309.95,310.61,video
780,to,310.61,310.91,video
781,drop,310.91,311.12,video
782,them,311.12,311.27,video
783,into,311.27,311.419,video
784,the,311.419,311.51,video
785,black,311.51,311.74,video
786,hole,311.75,311.99,video
787,when,311.99,312.26,video
788,they,312.26,312.41,video
789,needed,312.41,312.77,video
790,an,312.77,312.86,video
791,energy,312.86,313.19,video
792,boost,313.19,313.409,video
793,but,313.419,314.419,video
794,there's,314.419,314.63,video
795,an,314.63,314.78,video
796,even,314.78,314.99,video
797,better,314.99,315.289,video
798,way,315.289,315.59,video
799,to,315.59,315.65,video
800,get,315.65,315.909,video
801,energy,315.919,316.13,video
802,from,316.13,316.46,video
803,a,316.46,316.58,video
804,black,316.58,316.76,video
805,hole,316.76,317.0,video
806,and,317.0,317.21,video
807,oddly,317.21,317.71,video
808,enough,317.72,317.87,video
809,it,317.87,318.08,video
810,builds,318.08,318.889,video
811,the,318.889,319.07,video
812,biggest,319.07,319.43,video
813,bomb,319.43,319.669,video
814,any,319.669,319.93,video
815,living,319.94,320.389,video
816,thing,320.389,320.63,video
817,could,320.63,320.84,video
818,ever,320.84,321.139,video
819,hope,321.139,321.5,video
820,to,321.5,321.53,video
821,build,321.53,321.99,video
822,the,322.0,323.0,video
823,black,323.0,323.27,video
824,hole,323.27,323.539,video
825,bomb,323.539,326.05,video
826,we,326.05,327.05,video
827,only,327.05,327.2,video
828,need,327.2,327.5,video
829,two,327.5,327.76,video
830,things,327.77,327.8,video
831,to,327.8,328.19,video
832,build,328.19,328.43,video
833,a,328.43,328.61,video
834,black,328.61,328.789,video
835,hole,328.789,329.06,video
836,bomb,329.06,329.33,video
837,afar,329.33,330.07,video
838,spinning,330.08,330.56,video
839,black,330.56,330.74,video
840,hole,330.74,330.8,video
841,and,330.8,331.25,video
842,a,331.25,331.49,video
843,big,331.49,331.7,video
844,mirror,331.7,332.05,video
845,the,332.05,333.04,video
846,mirror,333.05,333.229,video
847,has,333.229,333.53,video
848,to,333.53,333.71,video
849,completely,333.71,334.13,video
850,envelop,334.13,334.789,video
851,the,334.789,334.9,video
852,black,334.91,335.09,video
853,hole,335.09,335.33,video
854,which,335.33,335.87,video
855,is,335.87,336.05,video
856,similar,336.05,336.38,video
857,to,336.38,336.53,video
858,a,336.53,336.56,video
859,Dyson,336.56,337.029,video
860,Sphere,337.039,337.13,video
861,a,337.13,337.46,video
862,mega,337.46,337.82,video
863,structure,337.82,338.3,video
864,that,338.3,338.419,video
865,harvests,338.419,338.95,video
866,the,338.96,339.02,video
867,energy,339.02,339.47,video
868,of,339.47,339.59,video
869,an,339.59,339.68,video
870,entire,339.68,340.01,video
871,star,340.01,340.51,video
872,although,340.51,341.5,video
873,our,341.51,341.84,video
874,mirror,341.84,342.08,video
875,would,342.08,342.32,video
876,be,342.32,342.38,video
877,easier,342.38,342.889,video
878,to,342.889,343.039,video
879,build,343.039,343.409,video
880,mirrors,343.419,344.419,video
881,are,344.419,344.6,video
882,simpler,344.6,345.08,video
883,and,345.08,345.26,video
884,black,345.26,345.74,video
885,holes,345.74,345.979,video
886,are,345.979,346.36,video
887,much,346.37,346.58,video
888,much,346.58,346.94,video
889,more,346.94,347.27,video
890,compact,347.27,347.75,video
891,than,347.75,348.05,video
892,stars,348.05,350.02,video
893,if,350.03,350.15,video
894,we,350.15,350.69,video
895,made,350.69,350.9,video
896,the,350.9,351.02,video
897,merit,351.02,351.29,video
898,10,351.29,351.53,video
899,centimeters,351.53,352.15,video
900,thick,352.16,352.37,video
901,the,352.37,352.82,video
902,mettle,352.82,353.15,video
903,of,353.15,353.24,video
904,a,353.24,353.33,video
905,big,353.33,353.57,video
906,asteroid,353.57,353.93,video
907,would,353.93,354.16,video
908,probably,354.17,354.68,video
909,be,354.68,354.86,video
910,enough,354.86,355.13,video
911,material,355.13,355.7,video
912,for,355.7,355.73,video
913,a,355.73,356.0,video
914,black,356.0,356.2,video
915,hole,356.21,356.48,video
916,with,356.48,356.87,video
917,the,356.87,356.96,video
918,mass,356.96,357.17,video
919,of,357.17,357.32,video
920,our,357.32,357.41,video
921,Sun,357.41,358.03,video
922,once,358.03,359.03,video
923,our,359.03,359.38,video
924,mirror,359.39,359.75,video
925,is,359.75,359.96,video
926,in,359.96,360.11,video
927,place,360.11,360.38,video
928,we,360.38,360.8,video
929,only,360.8,360.95,video
930,need,360.95,361.28,video
931,to,361.28,361.49,video
932,open,361.49,361.51,video
933,a,361.52,361.94,video
934,window,361.94,362.27,video
935,and,362.27,362.51,video
936,shoot,362.51,363.13,video
937,electromagnetic,363.13,364.13,video
938,waves,364.13,364.36,video
939,of,364.37,364.64,video
940,the,364.64,364.73,video
941,black,364.73,364.91,video
942,hole,364.91,365.26,video
943,you,365.26,366.26,video
944,can,366.26,366.41,video
945,imagine,366.41,366.62,video
946,what,366.62,366.94,video
947,happens,366.95,367.28,video
948,next,367.28,367.52,video
949,by,367.52,367.82,video
950,imagining,367.82,368.33,video
951,tossing,368.33,368.78,video
952,a,368.78,368.87,video
953,ball,368.87,368.89,video
954,at,368.9,369.29,video
955,a,369.29,369.38,video
956,wall,369.38,369.56,video
957,and,369.56,369.77,video
958,it's,369.77,370.25,video
959,coming,370.25,370.7,video
960,back,370.7,370.73,video
961,faster,370.73,371.44,video
962,than,371.45,371.57,video
963,a,371.57,371.63,video
964,bullet,371.63,371.89,video
965,the,371.89,372.89,video
966,waves,372.89,373.13,video
967,hit,373.13,373.58,video
968,the,373.58,373.7,video
969,black,373.7,373.87,video
970,hole,373.88,374.09,video
971,at,374.09,374.27,video
972,light,374.27,374.45,video
973,speed,374.45,374.48,video
974,a,374.48,375.02,video
975,small,375.02,375.89,video
976,proportion,375.89,376.21,video
977,of,376.22,376.49,video
978,the,376.49,376.55,video
979,waves,376.55,376.82,video
980,falls,376.82,377.3,video
981,past,377.3,377.63,video
982,the,377.63,377.81,video
983,event,377.81,378.04,video
984,horizon,378.05,378.17,video
985,to,378.17,378.77,video
986,disappear,378.77,379.19,video
987,forever,379.19,379.78,video
988,but,379.79,380.69,video
989,a,380.69,380.72,video
990,much,380.72,380.99,video
991,larger,380.99,381.53,video
992,amount,381.53,381.65,video
993,sloshes,381.65,382.55,video
994,through,382.55,382.84,video
995,the,382.85,382.97,video
996,ergosphere,382.97,383.62,video
997,where,383.63,384.14,video
998,the,384.14,384.23,video
999,black,384.23,384.44,video
1000,hole,384.44,384.47,video
1001,forces,384.47,385.34,video
1002,some,385.34,385.61,video
1003,of,385.61,385.73,video
1004,its,385.73,385.84,video
1005,rotational,385.85,386.51,video
1006,energy,386.51,386.9,video
1007,on,386.9,387.02,video
1008,them,387.02,387.2,video
1009,and,387.2,387.38,video
1010,amplifies,387.38,388.18,video
1011,them,388.19,388.46,video
1012,they,388.46,389.39,video
1013,now,389.39,389.66,video
1014,begin,389.66,390.01,video
1015,superradiant,390.01,391.0,video
1016,scattering,391.01,391.55,video
1017,which,391.55,392.15,video
1018,our,392.15,392.39,video
1019,fancy,392.39,392.99,video
1020,science,392.99,393.41,video
1021,words,393.41,393.64,video
1022,meaning,393.65,394.13,video
1023,bouncing,394.13,395.03,video
1024,around,395.03,395.12,video
1025,between,395.12,395.48,video
1026,mirror,395.48,395.86,video
1027,and,395.87,396.14,video
1028,black,396.14,396.35,video
1029,hole,396.35,396.62,video
1030,and,396.62,396.89,video
1031,getting,396.89,397.22,video
1032,stronger,397.22,397.68,video
1033,every,397.69,398.69,video
1034,time,398.69,398.9,video
1035,they,398.9,399.05,video
1036,go,399.05,399.23,video
1037,around,399.23,399.32,video
1038,they,399.32,400.04,video
1039,are,400.04,400.15,video
1040,getting,400.16,400.55,video
1041,exponentially,400.55,401.27,video
1042,stronger,401.27,402.07,video
1043,by,402.07,403.06,video
1044,opening,403.07,403.52,video
1045,some,403.52,403.76,video
1046,windows,403.76,404.15,video
1047,in,404.15,404.18,video
1048,the,404.18,404.45,video
1049,mirror,404.45,404.66,video
1050,we,404.66,405.04,video
1051,can,405.05,405.23,video
1052,extract,405.23,405.62,video
1053,the,405.62,405.8,video
1054,energy,405.8,406.19,video
1055,from,406.19,406.4,video
1056,the,406.4,406.49,video
1057,waves,406.49,406.73,video
1058,as,406.73,407.05,video
1059,fast,407.06,407.33,video
1060,as,407.33,407.6,video
1061,they,407.6,407.75,video
1062,grow,407.75,407.99,video
1063,which,407.99,408.68,video
1064,we,408.68,408.89,video
1065,could,408.89,409.13,video
1066,use,409.13,409.16,video
1067,in,409.16,409.63,video
1068,theory,409.64,410.12,video
1069,to,410.12,410.45,video
1070,create,410.45,410.78,video
1071,what,410.78,411.11,video
1072,would,411.11,411.26,video
1073,be,411.26,411.47,video
1074,for,411.47,411.74,video
1075,all,411.74,411.85,video
1076,practical,411.86,412.1,video
1077,purposes,412.1,412.46,video
1078,an,412.46,413.0,video
1079,endless,413.0,413.84,video
1080,source,413.84,414.2,video
1081,of,414.2,414.46,video
1082,energy,414.47,414.71,video
1083,for,414.71,414.95,video
1084,trillions,414.95,415.79,video
1085,of,415.79,416.06,video
1086,years,416.06,416.33,video
1087,or,416.33,417.32,video
1088,we,417.32,417.909,video
1089,could,417.919,418.1,video
1090,blow,418.1,418.31,video
1091,it,418.31,418.43,video
1092,up,418.43,418.64,video
1093,if,418.64,418.94,video
1094,the,418.94,419.72,video
1095,waves,419.72,419.96,video
1096,are,419.96,420.169,video
1097,not,420.169,420.67,video
1098,released,420.68,421.07,video
1099,they,421.07,421.55,video
1100,will,421.55,421.669,video
1101,continue,421.669,422.21,video
1102,to,422.21,422.33,video
1103,get,422.33,422.44,video
1104,stronger,422.45,422.84,video
1105,and,422.84,423.229,video
1106,stronger,423.229,423.65,video
1107,and,423.65,423.95,video
1108,take,423.95,424.49,video
1109,more,424.49,424.79,video
1110,and,424.79,424.93,video
1111,more,424.94,425.12,video
1112,energy,425.12,425.54,video
1113,from,425.54,425.66,video
1114,the,425.66,425.84,video
1115,black,425.84,426.02,video
1116,hole,426.02,426.05,video
1117,until,426.05,426.85,video
1118,the,426.86,426.95,video
1119,mirror,426.95,427.19,video
1120,shatters,427.19,427.7,video
1121,a,427.7,428.2,video
1122,supermassive,428.2,429.2,video
1123,black,429.2,429.219,video
1124,hole,429.229,429.65,video
1125,would,429.65,430.1,video
1126,release,430.1,430.4,video
1127,as,430.4,430.669,video
1128,much,430.669,430.85,video
1129,energy,430.85,431.33,video
1130,as,431.33,431.479,video
1131,a,431.479,431.53,video
1132,supernova,431.54,432.14,video
1133,making,432.14,433.01,video
1134,the,433.01,433.16,video
1135,bomb,433.16,433.37,video
1136,the,433.37,433.61,video
1137,largest,433.61,434.08,video
1138,explosion,434.09,434.72,video
1139,any,434.72,434.96,video
1140,living,434.96,435.35,video
1141,being,435.35,435.71,video
1142,could,435.71,436.01,video
1143,ever,436.01,436.03,video
1144,create,436.04,437.62,video
1145,the,437.62,438.62,video
1146,last,438.62,438.86,video
1147,home,438.86,439.19,video
1148,in,439.19,439.43,video
1149,a,439.43,439.55,video
1150,dying,439.55,439.85,video
1151,universe,439.85,440.85,video
1152,the,440.86,441.86,video
1153,beauty,441.86,442.22,video
1154,of,442.22,442.25,video
1155,the,442.25,442.55,video
1156,black,442.55,442.729,video
1157,hole,442.729,443.0,video
1158,bomb,443.0,443.24,video
1159,the,443.24,443.71,video
1160,Penrose,443.72,444.11,video
1161,process,444.11,444.68,video
1162,and,444.68,444.89,video
1163,the,444.89,445.16,video
1164,super,445.16,445.43,video
1165,radiant,445.43,445.81,video
1166,scattering,445.82,446.3,video
1167,is,446.3,446.45,video
1168,that,446.45,446.84,video
1169,they,446.84,446.96,video
1170,are,446.96,447.08,video
1171,not,447.08,447.38,video
1172,science,447.38,447.85,video
1173,fiction,447.86,448.25,video
1174,in,448.25,448.43,video
1175,the,448.43,448.49,video
1176,far,448.49,449.45,video
1177,far,449.45,449.81,video
1178,future,449.81,449.87,video
1179,this,449.87,450.59,video
1180,might,450.59,450.88,video
1181,be,450.89,451.07,video
1182,the,451.07,451.22,video
1183,only,451.22,451.25,video
1184,way,451.25,451.79,video
1185,to,451.79,451.85,video
1186,survive,451.85,452.39,video
1187,in,452.39,452.69,video
1188,our,452.69,452.93,video
1189,dying,452.93,453.31,video
1190,universe,453.32,453.89,video
1191,after,453.89,454.729,video
1192,all,454.729,455.15,video
1193,the,455.15,455.57,video
1194,red,455.57,455.75,video
1195,dwarfs,455.75,456.2,video
1196,have,456.2,456.4,video
1197,cooled,456.41,456.65,video
1198,down,456.65,457.279,video
1199,and,457.289,457.409,video
1200,all,457.409,457.589,video
1201,the,457.589,457.71,video
1202,white,457.71,457.919,video
1203,dwarfs,457.919,458.369,video
1204,transformed,458.369,459.019,video
1205,into,459.029,459.21,video
1206,black,459.21,459.509,video
1207,dwarfs,459.509,459.899,video
1208,the,459.899,460.11,video
1209,universe,460.11,460.949,video
1210,will,460.949,461.279,video
1211,turn,461.279,461.57,video
1212,dark,461.58,461.939,video
1213,forever,461.939,462.979,video
1214,rotating,462.979,463.979,video
1215,black,463.979,464.189,video
1216,holes,464.189,464.55,video
1217,might,464.55,464.929,video
1218,be,464.939,465.18,video
1219,the,465.18,465.36,video
1220,only,465.36,465.719,video
1221,sources,465.719,466.11,video
1222,of,466.11,466.229,video
1223,energy,466.229,466.529,video
1224,in,466.529,466.889,video
1225,the,466.889,467.059,video
1226,entire,467.069,467.46,video
1227,universe,467.46,468.059,video
1228,that,468.059,468.089,video
1229,life,468.089,468.599,video
1230,could,468.599,468.96,video
1231,harvest,468.96,469.359,video
1232,if,469.369,470.369,video
1233,so,470.369,470.789,video
1234,the,470.789,471.509,video
1235,last,471.509,471.749,video
1236,living,471.749,472.169,video
1237,being,472.169,472.529,video
1238,in,472.529,472.83,video
1239,existence,472.83,472.999,video
1240,might,473.009,473.819,video
1241,one,473.819,474.18,video
1242,day,474.18,474.21,video
1243,end,474.21,474.749,video
1244,its,474.749,475.11,video
1245,life,475.11,475.199,video
1246,around,475.199,475.979,video
1247,a,475.979,476.239,video
1248,black,476.249,476.49,video
1249,hole,476.49,476.789,video
1250,which,476.789,477.689,video
1251,is,477.689,477.719,video
1252,equally,477.719,478.529,video
1253,chilling,478.529,479.069,video
1254,and,479.069,479.499,video
1255,uplifting,479.509,480.509,video
1256,it,480.509,481.349,video
1257,turns,481.349,481.68,video
1258,out,481.68,481.949,video
1259,that,481.949,482.52,video
1260,even,482.52,482.759,video
1261,without,482.759,483.379,video
1262,any,483.389,483.689,video
1263,light,483.689,483.869,video
1264,there,483.869,484.83,video
1265,are,484.83,485.009,video
1266,places,485.009,485.49,video
1267,we,485.49,485.969,video
1268,can,485.969,486.18,video
1269,go,486.18,487.359,video
1270,black,487.369,488.369,sponsor
1271,holes,488.369,488.669,sponsor
1272,are,488.669,488.849,sponsor
1273,as,488.849,488.939,sponsor
1274,interesting,488.939,489.449,sponsor
1275,as,489.449,489.569,sponsor
1276,they,489.569,489.679,sponsor
1277,are,489.689,489.809,sponsor
1278,mysterious,489.809,490.349,sponsor
1279,but,490.349,490.68,sponsor
1280,there's,490.68,490.86,sponsor
1281,actually,490.86,490.979,sponsor
1282,a,490.979,491.239,sponsor
1283,surprising,491.249,491.879,sponsor
1284,amount,491.879,491.969,sponsor
1285,we,491.969,492.27,sponsor
1286,do,492.27,492.449,sponsor
1287,know,492.449,492.979,sponsor
1288,using,492.979,493.979,sponsor
1289,mass,493.979,494.209,sponsor
1290,we,494.219,494.699,sponsor
1291,can,494.699,494.879,sponsor
1292,calculate,494.879,495.149,sponsor
1293,things,495.149,495.599,sponsor
1294,and,495.599,495.839,sponsor
1295,come,495.839,496.02,sponsor
1296,up,496.02,496.139,sponsor
1297,with,496.139,496.279,sponsor
1298,theories,496.289,496.559,sponsor
1299,about,496.559,496.949,sponsor
1300,how,496.949,497.219,sponsor
1301,we,497.219,497.279,sponsor
1302,die,497.279,497.61,sponsor
1303,if,497.61,497.849,sponsor
1304,we,497.849,497.879,sponsor
1305,fall,497.879,498.199,sponsor
1306,into,498.209,498.389,sponsor
1307,them,498.389,498.599,sponsor
1308,if,498.599,499.11,sponsor
1309,you're,499.11,499.83,sponsor
1310,the,499.83,499.979,sponsor
1311,sort,499.979,500.129,sponsor
1312,of,500.129,500.249,sponsor
1313,person,500.249,500.299,sponsor
1314,who,500.309,500.639,sponsor
1315,gets,500.639,500.909,sponsor
1316,excited,500.909,501.059,sponsor
1317,about,501.059,501.479,sponsor
1318,maths,501.479,501.869,sponsor
1319,and,501.869,502.159,sponsor
1320,calculating,502.169,502.74,sponsor
1321,these,502.74,502.86,sponsor
1322,things,502.86,503.159,sponsor
1323,for,503.159,503.369,sponsor
1324,yourself,503.369,503.869,sponsor
1325,our,503.879,504.18,sponsor
1326,friends,504.18,504.629,sponsor
1327,at,504.629,504.719,sponsor
1328,brilliance,504.719,505.08,sponsor
1329,have,505.08,505.259,sponsor
1330,put,505.259,505.429,sponsor
1331,together,505.439,505.559,sponsor
1332,a,505.559,505.83,sponsor
1333,fantastic,505.83,506.099,sponsor
1334,black,506.099,506.759,sponsor
1335,hole,506.759,507.059,sponsor
1336,quiz,507.059,507.3,sponsor
1337,to,507.3,507.709,sponsor
1338,help,507.719,507.749,sponsor
1339,you,507.749,507.99,sponsor
1340,get,507.99,508.319,sponsor
1341,your,508.319,508.559,sponsor
1342,head,508.559,508.709,sponsor
1343,around,508.709,508.83,sponsor
1344,them,508.83,509.559,sponsor
1345,brilliant,509.569,510.569,sponsor
1346,is,510.569,510.719,sponsor
1347,a,510.719,510.749,sponsor
1348,problem-solving,510.749,511.439,sponsor
1349,website,511.439,511.85,sponsor
1350,that,511.86,512.039,sponsor
1351,teaches,512.039,512.37,sponsor
1352,you,512.37,512.49,sponsor
1353,to,512.49,512.639,sponsor
1354,think,512.639,512.88,sponsor
1355,like,512.88,513.029,sponsor
1356,a,513.029,513.079,sponsor
1357,scientist,513.089,513.539,sponsor
1358,by,513.539,513.87,sponsor
1359,guiding,513.87,514.169,sponsor
1360,you,514.169,514.44,sponsor
1361,through,514.44,514.68,sponsor
1362,the,514.68,514.759,sponsor
1363,problems,514.769,515.159,sponsor
1364,they,515.159,516.089,sponsor
1365,take,516.089,516.3,sponsor
1366,concepts,516.3,516.779,sponsor
1367,like,516.779,516.93,sponsor
1368,these,516.93,517.159,sponsor
1369,break,517.169,517.56,sponsor
1370,them,517.56,517.74,sponsor
1371,up,517.74,517.829,sponsor
1372,into,517.829,517.949,sponsor
1373,bite-sized,517.949,518.519,sponsor
1374,pieces,518.519,518.559,sponsor
1375,present,518.569,519.569,sponsor
1376,clear,519.569,519.75,sponsor
1377,thinking,519.75,520.199,sponsor
1378,in,520.199,520.289,sponsor
1379,each,520.289,520.38,sponsor
1380,part,520.38,520.68,sponsor
1381,and,520.68,520.879,sponsor
1382,then,520.889,521.279,sponsor
1383,built,521.279,521.61,sponsor
1384,back,521.61,521.76,sponsor
1385,up,521.76,521.789,sponsor
1386,to,521.789,522.089,sponsor
1387,an,522.089,522.18,sponsor
1388,interesting,522.18,522.709,sponsor
1389,conclusion,522.719,523.279,sponsor
1390,if,523.279,524.279,sponsor
1391,you,524.279,524.55,sponsor
1392,visit,524.55,524.91,sponsor
1393,brilliant,524.91,525.569,sponsor
1394,org,525.569,525.949,sponsor
1395,slash,525.959,526.079,sponsor
1396,nutshell,526.079,526.769,sponsor
1397,or,526.769,526.98,sponsor
1398,click,526.98,527.459,sponsor
1399,the,527.459,527.61,sponsor
1400,link,527.61,527.76,sponsor
1401,in,527.76,527.97,sponsor
1402,the,527.97,528.079,sponsor
1403,description,528.089,528.54,sponsor
1404,you,528.54,528.69,sponsor
1405,can,528.69,529.199,sponsor
1406,sign,529.199,529.47,sponsor
1407,up,529.47,529.5,sponsor
1408,for,529.5,529.62,sponsor
1409,free,529.62,529.8,sponsor
1410,and,529.8,530.12,sponsor
1411,learn,530.13,530.49,sponsor
1412,all,530.49,530.94,sponsor
1413,kinds,530.94,531.0,sponsor
1414,of,531.0,531.6,sponsor
1415,cool,531.6,531.839,sponsor
1416,stuff,531.839,532.31,sponsor
1417,and,532.31,533.31,sponsor
1418,as,533.31,533.819,sponsor
1419,a,533.819,533.84,sponsor
1420,bonus,533.85,534.18,sponsor
1421,for,534.18,534.329,sponsor
1422,cuts,534.329,534.6,sponsor
1423,cos,534.6,534.81,sponsor
1424,art,534.81,534.959,sponsor
1425,viewers,534.959,535.319,sponsor
1426,the,535.319,535.62,sponsor
1427,first,535.62,535.879,sponsor
1428,688,535.889,536.819,sponsor
1429,people,536.819,537.269,sponsor
1430,will,537.269,537.389,sponsor
1431,also,537.389,537.75,sponsor
1432,get,537.75,537.959,sponsor
1433,20%,537.959,538.35,sponsor
1434,off,538.35,538.769,sponsor
1435,their,538.769,539.21,sponsor
1436,annual,539.22,539.459,sponsor
1437,membership,539.459,540.089,sponsor
1438,if,540.089,540.72,sponsor
1439,you,540.72,541.56,sponsor
1440,want,541.56,541.8,sponsor
1441,to,541.8,541.949,sponsor
1442,truly,541.949,542.18,sponsor
1443,learn,542.19,542.519,sponsor
1444,about,542.519,542.73,sponsor
1445,black,542.73,542.88,sponsor
1446,holes,542.88,543.24,sponsor
1447,and,543.24,543.569,sponsor
1448,support,543.569,544.23,sponsor
1449,cuts,544.23,544.46,sponsor
1450,cos,544.47,544.649,sponsor
1451,Ã¸x,544.649,544.769,sponsor
1452,this,544.769,545.399,sponsor
1453,is,545.399,545.579,sponsor
1454,one,545.579,545.699,sponsor
1455,of,545.699,545.79,sponsor
1456,the,545.79,545.85,sponsor
1457,best,545.85,546.12,sponsor
1458,ways,546.12,546.329,sponsor
1459,to,546.329,546.35,sponsor
1460,do,546.36,546.72,sponsor
1461,it,546.72,546.98,sponsor
